{
	"0":{
		"id":"0",
		"title":"content Title",
		"type":"img_url",
		"src":"http://www.wauchopeshowsociety.com.au/images/sl_website-under-construction.jpeg"
	  },
	  "1":{
		"id":1,
		"title":"content Title 1",
		"type":"video",
		"src":"https://www.youtube.com/embed/WjoDEQqyTig"
	  },
	  "2":{
		"id":2,
		"title":"content Title 2",
		"type":"img_url",
		"src":"http://zoywiki.com/images/6/68/LotS_Robot_Reindeer.png"
	  },
	  "3":{
		"id":3,
		"title":"content Title 3",
		"type":"web",
		"src":"http://www.roboware.me/#/"
	  },
	  "4":{
		"id":4,
		"title":"content Title 2",
		"type":"video",
		"src":"https://www.youtube.com/embed/7DmLkugdh9s"
	  }	  
}
